GothamChess,"Hi! My name is Levy Rozman, I'm an International Master from New York City. I make lots of different playlists of chess videos: openings, strategy, rating climb, tactics guides, and recaps of big tournaments. I also stream every day on Twitch. Check out some of the links on my page or the video descriptions for more."
LinusTechTips,"Tech can be complicated; we try to make it easy.

Linus Tech Tips is a passionate team of ""professionally curious"" experts in consumer technology and video production which aims to inform and educate people of all ages through entertaining videos. We create product reviews, step-by-step computer build guides, and a variety of other tech-focused projects.

Schedule:
New videos every Saturday to Thursday @ 10:00am Pacific
Live WAN Show podcasts every Friday @ 5:00pm Pacific"
FilmTheorists,"Hello Internet! I'm MatPat and welcome to FILM THEORY! Do you ever wonder what secrets could be hiding in your favorite movies and shows? So do we! From figuring out the biology of Attack on Titan's Titans to revealing the dark secrets of Disney movies, we cover it all! Want to take a deep dive into the world of nerdy theories? Join our community of Loyal Theorists today!

But hey, it's just a bunch of theories. Film Theories! And CUT! 

Want MORE theories? Check out Game Theory! 
‚ñ∫  https://www.youtube.com/user/MatthewPatrick13

Or join us on our gaming talk show, GTLive!
‚ñ∫  https://www.youtube.com/c/GTLive

We have a strict policy on image use for our videos, which includes only using images licensed for reuse. If we use fanart we try to find a proper source to credit the artist, but sometimes things slip through. If you think we have used your art without your permission please let us know on the Game Theorist subreddit. 
‚ñ∫ https://www.reddit.com/r/GameTheorists/"
GameTheorists,"Hello Internet! I'm MatPat and welcome to GAME THEORY! Do you ever wonder what secrets could be hiding in your favorite games? So do we! From piecing together the complete FNAF timeline to figuring out if Toadette is REALLY a young Princess Peach, we cover it all! If you want to take a deep dive into the world of nerdy theories, join the Game Theorist's community today!

But hey, it's just a bunch of theories. Game Theories! Thanks for watching.

Want MORE theories? Check out Film Theory! 
‚ñ∫  https://www.youtube.com/user/FilmTheorists

Or join us on our gaming talk show over at GTLive!  
‚ñ∫  https://www.youtube.com/c/GTLive

We have a strict policy on image use for our videos, which includes only using images licensed for reuse. If we use fanart we try to find a proper source to credit the artist, but sometimes things slip through. If you think we have used your art without your permission please let us know on the Game Theorist subreddit. 
‚ñ∫ https://www.reddit.com/r/GameTheorists/"
FoodTheorists,"Hello Internet! I'm MatPat and welcome to FOOD THEORY, where brain food is always on the menu! Are you ready to debunk food's greatest myths? Does using science to save money at your favorite restaurants sound appetizing to you? Then you are in for a treat! From the best hacks for your McDonald's fast food order to the dark history of food mascots, we cover it all! Get ready to take a big bite out of food's greatest mysteries and join the Food Theorist's community today!
 
Love video games? Check out Game Theory!
‚ñ∫ https://www.youtube.com/user/MatthewPatrick13

Love movies and TV? Try Film Theory!
‚ñ∫  https://www.youtube.com/user/FilmTheorists

We have a strict policy on image use for our videos, which includes only using images licensed for reuse. If we use fanart we try to find a proper source to credit the artist, though things slip through. If you think we have used your art without your permission, let us know on the Game Theorist subreddit.
‚ñ∫ https://www.reddit.com/r/GameTheorists"
MrBeast6000,"Accomplishments
- Raised $20,000,000 To Plant 20,000,000 Trees
- Given millions to charity
- Donated over 100 cars lol
- Gave away a private island
- Given away over 100 ps4s lol
- Gave away 1 million dollars in one video 
- Counted to 100k
- Read the Dictionary
- Watched Dance Till You're Dead For 10 Hours
- Read Bee Movie Script
- Read Longest English Word
- Watched Paint Dry
- Ubering Across America
- Watched It's Every Day Bro For 10 Hours
- Ran a marathon in the world's largest shoes
- Adopted every dog in a shelter
You get the point haha



*Do not email me asking for money, I give away money because it makes me happy :)"
BadGameDev,If you want to learn how to make video games and the fundamentals of game development - this is the wrong channel.
DudePerfect,"5 best buds just kickin' it.
If you like Sports + Comedy, come join the Dude Perfect team!"
theHacksmith,"We take fictional ideas from movies, video games & comics, and make real working prototypes!

I quit my full-time job as an engineer and product developer to make only the coolest inventions -- just for you guys -- right here on YouTube. We show the engineering process of making our projects to inspire others into STEM fields, and to show that anything is possible with science!

Please send media inquires through https://www.hacksmith.tech/contact

For FAQ please visit https://www.hacksmith.tech/faq"
JackSucksAtLife,JackSucksAtLife
daniellabelle,"I specialize in creating short physical comedy videos with the hope of uplifting you and giving you smiles!

I love the art of non verbal communication. It's incredible how much can be said without speaking a word.

Some of the great comedians who have inspired me are Rowan Atkinson, Curly Howard (from the three stooges), Lou Costello, and Jim Carrey."
StevenHe,"Chinese-Irish actor and Comedy Sketch Creator. In New York. The Creator of ""Asian Dad"" with over 190 Million Views across Youtube and Tiktok. There will be meme reviews, reddit videos and New Sketches every week! We will be having lots of laughs together."
DaniDev,i make games
VancityReynolds,
BradClashRoyale,"B-rad - Clash Royale

I used to play Miner a lot, until they nerfed my boy. Possibly the only professional Ebarbs, Mini Pekka Freeze, 3 crown Rocket cycle player you will ever see. I actually played Clash Royale professionally for 3 years, one tricked Miner for 4 years.

For business inquires: b-rad@tribegaming.gg"
Leonhart54,"Leonhart is the ultimate Pokemon cards opening and unboxing Pokemon cards channel!

My channel is all about taking you on a Pokemon experience like no other. From nostalgic vintage Pokemon cards openings to unboxing the new Pokemon cards sets before they're officially released, you'll find everything a Pokemon cards lover could want. I take it one step further when I take the Pokemon cards unboxing videos out of the studio and around the world! 

Whether you're a former Pokemon cards collector, current Pokemon cards collector or simply wanting a safe family friendly unboxing and opening channel for all; Leonhart is your Pokemon cards home! Make sure to join the community by subscribing!"
LexMobileGaming,"Welcome to the channel!  Here our main focus is the newest game from Supercell, Brawl Stars.  I have been playing Brawl Stars since day one of the soft launch back in June 2017.  Here I will bring you all sorts of content ranging from Entertaining gameplay, update information, strategy and more!  If you love Brawl Stars then you've found the right channel!"
MikeShake,"IT'S ALL ABOUT PRACTICE!

I love to fail and I love to learn. Fighting my laziness by learning all kinds of skills in the shortest amount of time.
New skills every single week!

SKILL COUNT: 66"
AlexPandrea,"Yo yo yo guys, Alex Pandrea here! I'm a magician and sleight of hand enthusiast. I own The Blue Crown and House of Playing Cards. I started this channel because I love teaching and talking about magic! 
There are so many bad tutorials on youtube so i figured you might as well learn some stuff the right way! On this channel we will learn how to do magic, card sleights and talk about theory on performing TO MAKE YOU A BETTER MAGICIAN ALL AROUND WOO HOO! Subscribe and enjoy the journey!"
SufficientlyAdvanced,"""Any sufficiently advanced technology is indistinguishable from magic."" -Arthur C. Clarke

My name's Allen, I try to make pretend things into real things. Also I failed at Mythbusters.

I get tons of emails, so I probably won't respond if you send one asking for build advice, sorry!

Send me something cool:
10866 Washington Blvd #610
Culver City, CA, 90232"
ChrisRamsay52,"Here you'll find Magic, Puzzles, Vlogs and a combination of all three."
CubeHead,My head isn't really a Rubik's cube
JomaOppa,"I talk about life in Silicon Valley and at big tech companies.

Follow me on:
Instagram: http://instagram.com/jomaoppa
Twitter: https://twitter.com/jomaoppa

Sponsorship inquiries: joma@hiconnectstudios.com
Business inquiries: business@joma.io"
iFerg,"I'm Luke 'iFerg' Fergie, Mobile Gaming space leader commonly referred to as the most accomplished FPS Mobile player on the planet with #1 titles on 4 different mobile games. 

Games :
#1 COD Mobile
#1 Fortnite Mobile
#1 Rules Of Survival
#1 Cyber Hunter
 
Not to mention dozens of tournament wins on these titles and multiple MVP trophies. 

I dominate the mobile space with 4 different channels featuring a variety of styles in FPS Content.

Channels:
iFerg
iFerg - Live
iFerg - Plays
iFerg - Clips

I am extremely excited for the future of Mobile Gaming and thrilled to be one of the leaders in the industry, you wish to contact me I am currently a Content Creator for Tribe Gaming and you can email my people here - ferg@tribegaming.gg"
Timeworks,"Welcome to Timeworks Studios

Home of crazy vlogs and original shows including Meme Theory, FROLiC FRiDAY, Timeworks News, and more!

Fly On ~  ü¶Ö üï∂

¬© 2010 - 2021 Timeworks Studios"
MarkRober,"Former NASA and Apple engineer.  Current YouTuber and friend of science.  

Answers to some common questions:

1) I studied Mechanical Engineering in School.  I did my undergrad at BYU and Masters at USC.
2) I worked for NASA JPL for 9 years, 7 of which were working on the Curiosity Rover (I made a video about it you should def totes watch cause it's probably my favorite of all my videos).  Then I created Digital Dudz (made some videos about this too) and eventually sold it after 2 years.  Then I worked for Apple in their Special Projects Group doing Product Design as a Mechanical Engineer for 5 years.  As of 2019, I just make my monthly YouTube videos.
3) Link to free and therefore substandard build plans for my custom workbench can be found below.
4) I made a 30 Day Creative Engineering Class that teaches my end to end engineering process so you can make stuff too!  Check it out here- https://monthly.com/MarkRober"
HighBoi,"dunno some channel where i post whatever i want, right now tho it's mostly shitty movie recaps"
SamHogan,Making games i think
comicbookresources,"Immerse Yourself In The Universe of Cinematic Fandoms! CBR provides a large variety of content from Comic-Books to Anime-Manga's, covering various geekdom's such as Marvel, DC, Naruto, Dragon Ball Super, Star Wars, and many more. Using a mainstream approach, the content provided is tailored to and for the geek culture. 

*New Episode Every Day 9:45 am and 12:45pm*

Tune in to our weekly podcasts on Saturday and Sunday or find us on Apple and Spotify podcasts for exciting content and stimulating discussions on all things Geek!

*Marvel Podcast Saturday  9:45am *
*Anime Podcast Sunday 9:45am *

For copyright matters relating to our channel please contact us directly at david.f@valnetinc.com

For business-related matters relating to our channel (including media & advertising) please contact legal@valnetinc.com"
FryingPan,"hi my name is pan and I make vlogs and skits.

I post about general lifestyle, coding, academics/career paths, tech industry, or whatever I find interesting.
I'm currently studying computer science in university and interning as a SWE at a big tech company.

I love good stories and funny content.

new video every 2 weeks and I'm live weekly on twitch:)"
GMHikaru,"As one of the strongest grandmasters in the world, it's my pleasure to host this channel to share my knowledge and love of chess.  Check out the live streams on twitch to see full content. "
pwnisher,"Weekly 3D/VFX Tutorials, Challenges, Streams and Breakdowns. Let's learn and grow together!"
JackSucksAtStuff,"Welcome to JackSucksAtStuff, one of JackSucksAtLife's many other channels."
loganpaulvlogs,"24 year old kid in Hollywood making crazy daily Vlogs!
Join the movement and Be A Maverick: https://shoploganpaul.com/"
WIRED,WIRED is where tomorrow is realized.
jakepaul,"WHATS UP?! I'm Jake Paul.
24 y/o pro boxer / musical artist

FAHLO ME OTHER SOCIAL MEDIAS 
Instagram: jakepaul
Twitter: jakepaul
Snapchat: jakepaul19

Oh... and you can text me: 310-870-3349

Business: brands@jakepaul.com"
jeremylynch,"You may know me from F2freestylers, TikTok, Instagram or the Jez & Shauna YouTube Channel! Welcome to my personal YouTube Channel where you can get to see a different side of me with action packed vlogs of my life that are full of surprises! Enjoy & Click the Notification Bell to make sure you never miss a video! "
ryanhiga,"Send me stuff here!
PO BOX 232355 Las Vegas, NV 89105

Film / Television / Personal Appearances / Media Contact
Business Inquiries Only:
Email: Media@HigaTV.com

My 2nd Channel:
http://www.youtube.com/HigaTV

Also check out my Twitter:
http://www.twitter.com/TheRealRyanHiga

Facebook:
http://www.facebook.com/higatv

Instagram
https://www.instagram.com/notryanhiga/

Weibo:
 http://www.weibo.com/ryanhiga"
StuffMadeHere,"I've been building things for as long as I can remember. It all started when my dad exposed me to plastic model building and soldering when I was around 4 years old. That set me on a path to building increasingly complex things and becoming an engineer. My goal is to do the same for as many people as possible by exposing them to the joy of engineering, fabricating and creating things out of nothing. If I'm lucky a few people may become engineers, which would be great for the world. Engineering is awesome.

Stuff Made Here
P.O. Box 90937
Raleigh, NC 27675"
LiamThompsonOfficial,I do stupid stuff on camera
penguinz0,"HugeCharles: https://www.youtube.com/channel/UC4EQHfzIbkL_Skit_iKt1aA

Email:     Cr1TiKaLContact@gmail.com (anyone can email me about anything)
                admin@theofficialfour.com

Twitter:     https://twitter.com/MoistCr1TiKaL

Instagram:    https://www.instagram.com/bigmoistcr1tikal/?hl=en

Twitch: https://www.twitch.tv/moistcr1tikal

Snapchat: Hugecharles

Tik Tok: Hugecharles

I don't have any other public accounts."
AGADMATOR,"Hello everyone!

Basically, I upload everything that I personally find interesting.

Thank you all for visiting. Subscribe and like ONLY if you enjoy the videos :)

If you realllly enjoy my content, you're welcome to support me and my channel with a small donation via PayPal or Crypto.

Link to PayPal donation https://www.paypal.me/agadmator

Maiar Wallet @agadmator or join me here https://get.maiar.com/referral/pv0mam6l2a
EGLD erd1rj9sx7xn70up2lq72v3s6lp4jgk6mq7r0dkest7f7phpsqpvtces27z45q
BTC address bc1qckd3ut0hqyymzv33eus97ld8klj02xhk2kcwld
BCH address qzmfclyn69hqhjslls40r7r0dsttwe3tcsl946w4fr
LTC address Laarf1RmvCpLt2BcSwC1PBLG3hRC4HjBrz
ETH address 0x8C3ac5a0597dc0ebff2b8a9785ff18735Fa9fC76
NANO nano_1h1kgfaq88t1btwadqzx73rbha5hwbb88sxmfns851kwj8hnosdj51w388xx
Monero 4AdvvqmC4xhPyyRSAEDxTTAoXdxAtX2Py6b8Eh4EQzBLGbgo5rY5Khcap1x76JrDJH87yibAE9b6TPwTsvBAiFFCLtM8Be7
For any other currency address, contact me via agadmator@gmail.com

Contact: agadmator@gmail.com

See you soon! :)"
NicholasT,"just a computer science student making videos about tech and student life

follow me along the journey!

instagram: https://www.instagram.com/itsnicholas.t/
discord: https://discord.gg/tgMdKVBfzU"
MikeBoydVideo,"My name is Mike Boyd and a while ago I made a video documenting my process of learning a new skill in a really short amount of time. That idea seemed to resonate with people, so I decided to learn a bunch of other skills. Every month I pick a new challenge and try to conquer it as quickly as possible. Hopefully this content inspires you to learn something new too. Leave a comment telling me what you think and let me know if you have a suggestion for a new challenge. Enjoy the videos! :)

If you'd like to send products / items to me then please use the address outlined below.

SEND STUFF TO:

Michael Boyd
Unit 62
10 Dock Street
Dundee
DD1 4BT
United Kingdom"
DolanDarker,Memes are my life
mkbhd,"MKBHD: Quality Tech Videos | YouTuber | Geek | Consumer Electronics | Tech Head | Internet Personality!

marques@MKBHD.com

NYC"
JPerm,"I make videos so you can get faster!
Check out the ""Playlists"" section on the main channel page.

Business Email ‚ñ∫ dylanqwang@gmail.com

How you can support me:
Patreon ‚ñ∫ http://patreon.com/jperm
Clothing ‚ñ∫ http://teespring.com/stores/jperm

F2L Algs ‚ñ∫ http://bit.ly/bestf2l
PB Sheet ‚ñ∫ http://bit.ly/JPERMPBS
Facebook ‚ñ∫ http://facebook.com/jpermcubing

Where I buy cubes:
SpeedCubeShop ‚ñ∫ http://bit.ly/2nW3qWg
Using the code ""JPERM"" supports my channel and also gives you a discount on your order!"
MeetArnold-en,"Is anybody here?
Hey!
It's Arnold. 
Help me! 
Please, help me!"
theodd1sout,"What I use:
I draw my pictures on Paint Tools Sai and I edit it all in Adobe Premiere. (Really? You don't use any animation software??) (Yeah, I know it's ''''not real animation''''') 

I have a Wacom Cintiq Pro 24

a Smudge Guard Glove. 
https://amzn.to/2zvvUzj

I record on a Shure sm7b, 
https://amzn.to/2NKBtwP

I have an Scarlett 2i 4 Audio interface 
https://amzn.to/2uqIdqX

and this thing called a 'Cloudlifter.'
https://amzn.to/2ucIT42


If these items are out of your price range then this is what I use(d) (The cheaper stuff)

-My first tablet was a Bamboo Create for ~$100. Really good tablet 5/7. 
https://amzn.to/2zudkYs

I know alot of people like the intuos's 
https://amzn.to/2L3eMFK

-A good Microphone that a lot of people use is a Blue Yeti (keep in mind where you record is important.)
https://amzn.to/2zri016"
ProZD,"I'm a voice actor. If you're in need of my services, shoot me a message or email me at prozdkp@gmail.com

You can mail stuff to

SungWon Cho
PO Box 7426
Burbank, CA 91510"
SwitchandClickOfficial,"We're Betty and Jake. 

Basically...a funny cringe entertainment tech channel with some art mixed in. And over the top dramatics and storytelling.

Enjoy. "
dream,"Minecraft stuff, yes, my IGN is Dream"
GeorgeNotFound,"Hi, I'm George."
Sapnap,Hi I like to make minecraft videos
UCrYrcFGGs_nke1MggS8Jvqg,"Subscribe and watch me live on https://www.twitch.tv/karljacobs
Business email: Karl@nightmedia.co"
Filmento,"Film. Youtube. Video games. 

Krakozhia's #1 content creator."
screenjunkies,"Enjoy our warped take on film & TV with a steady stream of pop-culture parody, original series, thoughtful commentary, and whatever we can think of next.

All times Pacific Standard Time (Los Angeles):
Honest Trailers - Tuesdays at 10AM
ScreenJunkies Show - Whenever we want to!"
UCLuI5IP4nBr82VxClxp7Teg,"I'm your Friendly Space Ninja, bringing you videos about whatever I want to talk about.
Contact: friendlyspaceninja@gmail.com"
dariusjbenson,"Hey what's up? How ya doin

If you know me from Vine that's awesome!
If you don't know me I'm just a guy who likes making videos. I do skits and parodies and anything else I can think of.

New videos every week so SUBSCRIBE!

Here's my other social media stuff if you want to check me out there

Instagram: MrLegenDarius
Twitter: @MrLegenDarius
Snapchat: MrLegenDarius
www.facebook.com/mrlegendarius
Musically: @DariusBenson

yeah I use musically so what? it's fun I swear"
DoniBobesMC,Doni Bobes is me. Minecraft Video I make. The video you like. The subscribe button you will hit. pls
LazarBeam,"THIS CHANNEL FEATURES AUSTRALIAN MAN
For Sponorships contact - lazarbeam@clickmgmt.com.au"
CGGeek,"Animations, Blender Tutorials, Tech Reviews, Visual Effects, and all the stuffs."
JLaservideo,"Crazy awesome inventions by Jake Laser.

If you have any cool project ideas that you would like to learn how to make, contact me at 
jlaservideo@gmail.com

For business please contact the email below."
PolyMars,I make things and talk about them
UCzNTVzprq6UG7kBK0LIDtUw,"HEY, KARL HERE!!!! I'm Social Media Pro, branding expert, business owner and passionate entrepreneur.

I'm here to show you the best business, inspirational, motivational content ever made! 
‚†Ä
üëÅ| +1 Billion Content Views
‚≠êÔ∏è| +1 Million Community

Make sure you will receive all notifications from my channel!
üîî | Let's go - subscribe and hit the bell. 

Send me e-mail for collab / promotions / community post shoutouts"
CodeBullet,Just an idiot with a computer science degree trying his best. 
ElonMuskZone,"Elon Musk: Business magnate, industrial designer, engineer, and philanthropist.
Founder, CEO, CTO, and chief designer of SpaceX; early investor, CEO, and product architect of Tesla;
Founder of The Boring Company;
Co-founder of Neuralink;
Co-founder and initial co-chairman of OpenAI.

Subscribe now for the greatest Elon Musk entertaining/motivational/educational videos!
We upload high-quality motivational, entertaining, and educative videos about Elon Musk.

JOIN THE ELON MUSK ZONE DISCORD SERVER! 
https://discord.gg/uu374MYffk 

üíºBusiness inquiries?
Request my email using the button on this page!
Non-business-related emails will be ignored and you will be blocked.






Disclaimer: Elon Musk Zone is a fan channel and is not affiliated with anything Elon Musk!
This is not the Elon Musk official Youtube channel. This is just an Elon Musk fan channel.

Ripping and/or editing any content from this channel is illegal and will result in legal action. 
Copyright ¬© Elon Musk Zone 2016 - 2021"
HangingPawns,"Update: current ELO 1911
Hanging Pawns is a chess channel for players who are trying to improve (by a player who is trying to improve). 
I am a chess player who has started his career late by any standards. I played my first rated tournament game when I was 26, eighteen months ago. Since then I have decided to dedicate my life and my time to chess, and to make it possible to travel to tournaments and to have enough money and time to do so. My ultimate goal is to work daily until I become a GM, which will surely take years to accomplish. All the games I play, how I prepare for my opponents and the methods I use to improve and to learn will be posted on this channel! 
My current ELO is 1770. I hope you find something useful here and that you get to improve your chess as well! Cheers!


If you like the videos and would like to support me, consider donating via PayPal (https://www.paypal.me/HangingPawns), or becoming a Patron (https://www.patreon.com/hangingpawns). Thank you:)"
RTGame,"Hi I'm an Irish Guy named Daniel. Enjoy my content, or else.

Everything you see in my videos is edited livestream highlights taken from my Twitch channel. My stream schedule is: 
~Tuesday & Thursday @ 7pm 
~Saturday & Sunday @ 3pm 
All times based in Ireland. 

For stream notifications, follow my Twitch channel, Twitter and Discord Server.
Icon and art assets made by Akialyne. She's a smelly nerd: https://twitter.com/akialyne"
SpideyHypnosis,"As seen on Netflix, NBC, Discovery Channel, The CW, TruTV, SyFy and many more! Mentalism/Magic/Hypnosis performances and tutorials. Bully free channel! "
flamingo,"Hi it's Albert from Flamingo!

We play all kinds of games but we really like to play Roblox! Make sure to subscribe to let us know you like it too!

Business only email: fart ha ha stupid gsnail"
UCIPPMRA040LQr5QPyJEbmXA,MrBeast Gaming - SUBSCRIBE OR ELSE
UC2liIKa5d4tvBiNzBng20PA,"Reproduce the weapons, equipment, and reload motion that appear in CoD.
All the guns in my video are airsoft.


I have two Twitter accounts.
@ Python0715 will tweet the completion report of the work and the next video announcement in English.
@ Python1202 tweets the progress of work and daily contents in Japanese."
ThatsAmazing,"Welcome to That's Amazing! We are two brothers who love to make incredible trick shots, and our siblings do, too!  Some of our videos have been featured on shows such as Right this Minute, Inside Edition, and MLB Network's Intentional Talk. Matthew's image was displayed in People Magazine, and the introduction to our Water Bottle Flip Trick Shots 3 video was included in Google's 2016 Year in Search.  You can also see us in a national Subway commercial! We hope you like our videos, and if you do, please subscribe!

Get some merch here!  https://www.theloyalist.com/thatsamazing"
PartitionZion,It's Parti Time
MrMrMANGOHEAD,Pointless edits for all the reasons
RosenChess,"Hey! I‚Äôm Eric Rosen. I've been playing chess for over 2 decades and hold the title of International Master. I regularly live-stream chess content on Twitch (twitch.tv/imrosen) and put many of the best moments from my streams onto YouTube. My content is family friendly and geared towards players of all levels. I enjoy sharing my knowledge of chess openings, gambits, tactics, strategy,  and how to get better at chess. My videos feature chess games with instructional commentary, common tricks and traps, speed chess matches, blindfold chess, queen sacrifices, my beloved London System and Stafford Gambit, and much much more! Be sure to subscribe for regular chess videos!"
KitbogaShow,"Everyday there are scammers taking advantage of people. I call them to waste their time, walk people through their ""script"" and lies, report info when I can, and otherwise make light of a dark situation. 
I'm live almost everyday on twitch: https://www.twitch.tv/kitboga"
Doom49,"DooM49 Funny Gaming moments in video games! Variety Gaming Videos in Battlefield 1, Battlefield, Battlefield V, Anthem, The Division 2, Far Cry, Counter Strike Global Offensive, Garry's Mod, CS GO, GTA 5, Arma 3 and more! Lots of Funny Gaming Videos uploaded almost everyday! 

EE71VT

Send in your Mission Lolz clips here: http://goo.gl/i1bEmE

Thanks! :D"
TechLead,"Ex-Google/ex-Facebook tech lead, app entrepreneur, digital nomad traveler, software engineer. ‚òïÔ∏è üëå

If you're looking for help landing a job as a software engineer, resume critique, and mentorship, join me at:
http://techinterviewpro.com/
http://coderpro.com/

Learn the secrets of YouTube success with me here:
http://youtubebackstage.com/

Add me here:
http://instagram.com/techleadhd
http://twitter.com/techleadhd
https://www.linkedin.com/in/patrickshyu/

Business Inquiries: techleadhd@gmail.com"
UCTu7N4-YzpGIN6Ftsb0QeGA,
